sampleID_STPN2309	sampleID_hPTMs_liver	sampleID_progentomics_proteome_liver	trout_liver_batch	SampleID_mucus_microbiota_PGTB	SampleID_digesta_microbiota_PGTB	sampleID_proteomics_gut	gut_proteome_batch	sampleID_hPTMs_gut	gut_hptms_run_date	gut_hptm_batch	sampleID_acid_extractome_gut	sample_type	diet	day_cont	day_categ	rearing_tank	group	phase	diet_phase
S_001	X260220_TroutLiver_Histones_074	260220_TroutLiver_Proteome_074	C	MicrobE_262_M_P3	MicrobE_176_D_P2	240906_Diluted_TroutGutProteome_122	E	X240816_TroutGutHistones_122	240816	E	X240816_TroutGutHistones_122.mzML	mid_gut	Fasted	0	day_00	C	Fasted_day_00		
S_003	X260220_TroutLiver_Histones_047	260220_TroutLiver_Proteome_047	B	MicrobE_281_M_P4	MicrobE_74_D_P1	240906_Diluted_TroutGutProteome_093	D	X240816_TroutGutHistones_093	240816	D	X240816_TroutGutHistones_093.mzML	mid_gut	Fasted	0	day_00	C	Fasted_day_00		
S_005	X260220_TroutLiver_Histones_139	260220_TroutLiver_Proteome_139	E	MicrobE_209_M_P3	MicrobE_142_D_P2	240906_Diluted_TroutGutProteome_073	C	X240816_TroutGutHistones_073	240816	C	X240816_TroutGutHistones_073.mzML	mid_gut	Fasted	0	day_00	C	Fasted_day_00		
S_007	X260220_TroutLiver_Histones_070	260220_TroutLiver_Proteome_070	C	MicrobE_231_M_P3	MicrobE_119_D_P2	240906_Diluted_TroutGutProteome_167	F	X240816_TroutGutHistones_167	240816	F	X240816_TroutGutHistones_167.mzML	mid_gut	Fasted	0	day_00	C	Fasted_day_00		
S_009	X260220_TroutLiver_Histones_122	260220_TroutLiver_Proteome_122	E	MicrobE_344_M_P4	MicrobE_23_D_P1	240906_Diluted_TroutGutProteome_165	F	X240816_TroutGutHistones_165	240816	F	X240816_TroutGutHistones_165.mzML	mid_gut	Fasted	0	day_00	C	Fasted_day_00		
S_011	X260220_TroutLiver_Histones_011	260220_TroutLiver_Proteome_011	A	MicrobE_202_M_P3	MicrobE_18_D_P1	240906_Diluted_TroutGutProteome_114	D	X240816_TroutGutHistones_114	240816	D	X240816_TroutGutHistones_114.mzML	mid_gut	Fasted	0	day_00	C	Fasted_day_00		
S_013	X260220_TroutLiver_Histones_137	260220_TroutLiver_Proteome_137	E	MicrobE_274_M_P4	MicrobE_76_D_P1	240906_Diluted_TroutGutProteome_035	B	X240816_TroutGutHistones_035	240816	B	X240816_TroutGutHistones_035.mzML	mid_gut	Fasted	0	day_00	C	Fasted_day_00		
S_015	X260220_TroutLiver_Histones_045	260220_TroutLiver_Proteome_045	B	MicrobE_272_M_P3	MicrobE_43_D_P1	240906_Diluted_TroutGutProteome_044	B	X240816_TroutGutHistones_044	240816	B	X240816_TroutGutHistones_044.mzML	mid_gut	Fasted	0	day_00	C	Fasted_day_00		
S_017	X260220_TroutLiver_Histones_079	260220_TroutLiver_Proteome_079	C	MicrobE_199_M_P3	MicrobE_1_D_P1	240906_Diluted_TroutGutProteome_051	B	X240816_TroutGutHistones_051	240816	B	X240816_TroutGutHistones_051.mzML	mid_gut	Fasted	0	day_00	C	Fasted_day_00		
S_019	X260220_TroutLiver_Histones_072	260220_TroutLiver_Proteome_072	C	MicrobE_276_M_P4	MicrobE_84_D_P1	240906_Diluted_TroutGutProteome_030	A	X240816_TroutGutHistones_030	240816	A	X240816_TroutGutHistones_030.mzML	mid_gut	Fasted	0	day_00	C	Fasted_day_00		
S_021	X260220_TroutLiver_Histones_049	260220_TroutLiver_Proteome_049	B	MicrobE_268_M_P3	MicrobE_109_D_P2	240906_Diluted_TroutGutProteome_017	A					mid_gut	Fasted	0	day_00	C	Fasted_day_00		
S_023	X260220_TroutLiver_Histones_010	260220_TroutLiver_Proteome_010	A	MicrobE_205_M_P3	MicrobE_107_D_P2	240906_Diluted_TroutGutProteome_137	E	X240816_TroutGutHistones_137	240816	E	X240816_TroutGutHistones_137.mzML	mid_gut	Fasted	0	day_00	C	Fasted_day_00		
S_025	X260220_TroutLiver_Histones_136	260220_TroutLiver_Proteome_136	E	MicrobE_302_M_P4	MicrobE_144_D_P2	240906_Diluted_TroutGutProteome_010	A	X240816_TroutGutHistones_010	240816	A	X240816_TroutGutHistones_010.mzML	mid_gut	NC	1	day_01	J4	NC_day_01	early	NC_early
S_027	X260220_TroutLiver_Histones_095	260220_TroutLiver_Proteome_095	D	MicrobE_289_M_P4		240906_Diluted_TroutGutProteome_013	A	X240816_TroutGutHistones_013	240816	A	X240816_TroutGutHistones_013.mzML	mid_gut	NC	1	day_01	J4	NC_day_01	early	NC_early
S_029	X260220_TroutLiver_Histones_076	260220_TroutLiver_Proteome_076	C		MicrobE_143_D_P2	240906_Diluted_TroutGutProteome_103	D	X240816_TroutGutHistones_103	240816	D	X240816_TroutGutHistones_103.mzML	mid_gut	NC	1	day_01	J4	NC_day_01	early	NC_early
S_031	X260220_TroutLiver_Histones_132	260220_TroutLiver_Proteome_132	E	MicrobE_249_M_P3	MicrobE_3_D_P1	240906_Diluted_TroutGutProteome_016	A	X240816_TroutGutHistones_016	240816	A	X240816_TroutGutHistones_016.mzML	mid_gut	NC	1	day_01	J4	NC_day_01	early	NC_early
S_033	X260220_TroutLiver_Histones_024	260220_TroutLiver_Proteome_024	A	MicrobE_273_M_P4	MicrobE_59_D_P1	240906_Diluted_TroutGutProteome_151	F	X240816_TroutGutHistones_151	240816	F	X240816_TroutGutHistones_151.mzML	mid_gut	HC	1	day_01	J5	HC_day_01	early	HC_early
S_035	X260220_TroutLiver_Histones_008	260220_TroutLiver_Proteome_008	A	MicrobE_223_M_P3	MicrobE_5_D_P1	240906_Diluted_TroutGutProteome_083	C	X240816_TroutGutHistones_083	240816	C	X240816_TroutGutHistones_083.mzML	mid_gut	HC	1	day_01	J5	HC_day_01	early	HC_early
S_037	X260220_TroutLiver_Histones_154	260220_TroutLiver_Proteome_154	F	MicrobE_244_M_P3	MicrobE_62_D_P1	240906_Diluted_TroutGutProteome_175	F	X240816_TroutGutHistones_175	240816	F	X240816_TroutGutHistones_175.mzML	mid_gut	HC	1	day_01	J5	HC_day_01	early	HC_early
S_039	X260220_TroutLiver_Histones_146	260220_TroutLiver_Proteome_146	E	MicrobE_224_M_P3	MicrobE_33_D_P1	240906_Diluted_TroutGutProteome_009	A	X240816_TroutGutHistones_009	240816	A	X240816_TroutGutHistones_009.mzML	mid_gut	HC	1	day_01	J5	HC_day_01	early	HC_early
S_041	X260220_TroutLiver_Histones_069	260220_TroutLiver_Proteome_069	C	MicrobE_256_M_P3	MicrobE_77_D_P1	240906_Diluted_TroutGutProteome_111	D					mid_gut	NC	1	day_01	J6	NC_day_01	early	NC_early
S_043	X260220_TroutLiver_Histones_160	260220_TroutLiver_Proteome_160	F	MicrobE_355_M_P4	MicrobE_68_D_P1	240906_Diluted_TroutGutProteome_090	C	X240816_TroutGutHistones_090	240816	C	X240816_TroutGutHistones_090.mzML	mid_gut	NC	1	day_01	J6	NC_day_01	early	NC_early
S_045	X260220_TroutLiver_Histones_081	260220_TroutLiver_Proteome_081	C	MicrobE_284_M_P4	MicrobE_134_D_P2	240906_Diluted_TroutGutProteome_172	F	X240816_TroutGutHistones_172	240816	F	X240816_TroutGutHistones_172.mzML	mid_gut	NC	1	day_01	J6	NC_day_01	early	NC_early
S_047	X260220_TroutLiver_Histones_071	260220_TroutLiver_Proteome_071	C	MicrobE_291_M_P4	MicrobE_158_D_P2	240906_Diluted_TroutGutProteome_060	B	X240816_TroutGutHistones_060	240816	B	X240816_TroutGutHistones_060.mzML	mid_gut	NC	1	day_01	J6	NC_day_01	early	NC_early
S_049	X260220_TroutLiver_Histones_005	260220_TroutLiver_Proteome_005	A	MicrobE_293_M_P4	MicrobE_118_D_P2	240906_Diluted_TroutGutProteome_091	D	X240816_TroutGutHistones_091	240816	D	X240816_TroutGutHistones_091.mzML	mid_gut	HC	1	day_01	K1	HC_day_01	early	HC_early
S_051	X260220_TroutLiver_Histones_018	260220_TroutLiver_Proteome_018	A	MicrobE_206_M_P3	MicrobE_173_D_P2	240906_Diluted_TroutGutProteome_092	D	X240816_TroutGutHistones_092	240816	D	X240816_TroutGutHistones_092.mzML	mid_gut	HC	1	day_01	K1	HC_day_01	early	HC_early
S_053	X260220_TroutLiver_Histones_153	260220_TroutLiver_Proteome_153	F	MicrobE_213_M_P3	MicrobE_83_D_P1	240906_Diluted_TroutGutProteome_176	F	X240816_TroutGutHistones_176	240816	F	X240816_TroutGutHistones_176.mzML	mid_gut	HC	1	day_01	K1	HC_day_01	early	HC_early
S_055	X260220_TroutLiver_Histones_067	260220_TroutLiver_Proteome_067	C	MicrobE_277_M_P4	MicrobE_141_D_P2	240906_Diluted_TroutGutProteome_006	A	X240816_TroutGutHistones_006	240816	A	X240816_TroutGutHistones_006.mzML	mid_gut	HC	1	day_01	K1	HC_day_01	early	HC_early
S_057	X260220_TroutLiver_Histones_128	260220_TroutLiver_Proteome_128	E	MicrobE_241_M_P3	MicrobE_137_D_P2	240906_Diluted_TroutGutProteome_147	E	X240816_TroutGutHistones_147	240816	E	X240816_TroutGutHistones_147.mzML	mid_gut	NC	1	day_01	K2	NC_day_01	early	NC_early
S_059	X260220_TroutLiver_Histones_171	260220_TroutLiver_Proteome_171	F	MicrobE_214_M_P3	MicrobE_37_D_P1	240906_Diluted_TroutGutProteome_087	C	X240816_TroutGutHistones_087	240816	C	X240816_TroutGutHistones_087.mzML	mid_gut	NC	1	day_01	K2	NC_day_01	early	NC_early
S_061	X260220_TroutLiver_Histones_086	260220_TroutLiver_Proteome_086	C	MicrobE_338_M_P4	MicrobE_47_D_P1	240906_Diluted_TroutGutProteome_052	B	X240816_TroutGutHistones_052	240816	B	X240816_TroutGutHistones_052.mzML	mid_gut	NC	1	day_01	K2	NC_day_01	early	NC_early
S_063	X260220_TroutLiver_Histones_002	260220_TroutLiver_Proteome_002	A	MicrobE_345_M_P4	MicrobE_166_D_P2	240906_Diluted_TroutGutProteome_157	F	X240816_TroutGutHistones_157	240816	F	X240816_TroutGutHistones_157.mzML	mid_gut	NC	1	day_01	K2	NC_day_01	early	NC_early
S_065	X260220_TroutLiver_Histones_144	260220_TroutLiver_Proteome_144	E	MicrobE_343_M_P4	MicrobE_122_D_P2	240906_Diluted_TroutGutProteome_088	C	X240816_TroutGutHistones_088	240816	C	X240816_TroutGutHistones_088.mzML	mid_gut	HC	1	day_01	K3	HC_day_01	early	HC_early
S_067	X260220_TroutLiver_Histones_159	260220_TroutLiver_Proteome_159	F	MicrobE_295_M_P4	MicrobE_138_D_P2	240906_Diluted_TroutGutProteome_089	C	X240816_TroutGutHistones_089	240816	C	X240816_TroutGutHistones_089.mzML	mid_gut	HC	1	day_01	K3	HC_day_01	early	HC_early
S_069	X260220_TroutLiver_Histones_102	260220_TroutLiver_Proteome_102	D	MicrobE_250_M_P3	MicrobE_15_D_P1	240906_Diluted_TroutGutProteome_053	B	X240816_TroutGutHistones_053	240816	B	X240816_TroutGutHistones_053.mzML	mid_gut	HC	1	day_01	K3	HC_day_01	early	HC_early
S_071	X260220_TroutLiver_Histones_116	260220_TroutLiver_Proteome_116	D	MicrobE_185_M_P3	MicrobE_64_D_P1	240906_Diluted_TroutGutProteome_100	D	X240816_TroutGutHistones_100	240816	D	X240816_TroutGutHistones_100.mzML	mid_gut	HC	1	day_01	K3	HC_day_01	early	HC_early
S_073	X260220_TroutLiver_Histones_036	260220_TroutLiver_Proteome_036	B	MicrobE_298_M_P4	MicrobE_98_D_P2	240906_Diluted_TroutGutProteome_135	E	X240816_TroutGutHistones_135	240816	E	X240816_TroutGutHistones_135.mzML	mid_gut	NC	2	day_02	J4	NC_day_02	early	NC_early
S_075	X260220_TroutLiver_Histones_178	260220_TroutLiver_Proteome_178	G	MicrobE_342_M_P4	MicrobE_123_D_P2	240906_Diluted_TroutGutProteome_161	F	X240816_TroutGutHistones_161	240816	F	X240816_TroutGutHistones_161.mzML	mid_gut	NC	2	day_02	J4	NC_day_02	early	NC_early
S_077	X260220_TroutLiver_Histones_066	260220_TroutLiver_Proteome_066	C		MicrobE_87_D_P1	240906_Diluted_TroutGutProteome_115	D	X240816_TroutGutHistones_115	240816	D	X240816_TroutGutHistones_115.mzML	mid_gut	NC	2	day_02	J4	NC_day_02	early	NC_early
S_079	X260220_TroutLiver_Histones_120	260220_TroutLiver_Proteome_120	E	MicrobE_264_M_P3	MicrobE_25_D_P1	240906_Diluted_TroutGutProteome_133	E	X240816_TroutGutHistones_133	240816	E	X240816_TroutGutHistones_133.mzML	mid_gut	NC	2	day_02	J4	NC_day_02	early	NC_early
S_081	X260220_TroutLiver_Histones_013	260220_TroutLiver_Proteome_013	A	MicrobE_225_M_P3	MicrobE_111_D_P2	240906_Diluted_TroutGutProteome_136	E	X240816_TroutGutHistones_136	240816	E	X240816_TroutGutHistones_136.mzML	mid_gut	HC	2	day_02	J5	HC_day_02	early	HC_early
S_083	X260220_TroutLiver_Histones_014	260220_TroutLiver_Proteome_014	A	MicrobE_243_M_P3	MicrobE_50_D_P1	240906_Diluted_TroutGutProteome_012	A	X240816_TroutGutHistones_012	240816	A	X240816_TroutGutHistones_012.mzML	mid_gut	HC	2	day_02	J5	HC_day_02	early	HC_early
S_085	X260220_TroutLiver_Histones_152	260220_TroutLiver_Proteome_152	F	MicrobE_322_M_P4	MicrobE_161_D_P2	240906_Diluted_TroutGutProteome_106	D	X240816_TroutGutHistones_106	240816	D	X240816_TroutGutHistones_106.mzML	mid_gut	HC	2	day_02	J5	HC_day_02	early	HC_early
S_087	X260220_TroutLiver_Histones_032	260220_TroutLiver_Proteome_032	B	MicrobE_306_M_P4	MicrobE_180_D_P2	240906_Diluted_TroutGutProteome_033	B					mid_gut	HC	2	day_02	J5	HC_day_02	early	HC_early
S_089	X260220_TroutLiver_Histones_040	260220_TroutLiver_Proteome_040	B	MicrobE_325_M_P4	MicrobE_35_D_P1	240906_Diluted_TroutGutProteome_142	E	X240816_TroutGutHistones_142	240816	E	X240816_TroutGutHistones_142.mzML	mid_gut	NC	2	day_02	J6	NC_day_02	early	NC_early
S_091	X260220_TroutLiver_Histones_059	260220_TroutLiver_Proteome_059	B	MicrobE_252_M_P3	MicrobE_20_D_P1	240906_Diluted_TroutGutProteome_173	F	X240816_TroutGutHistones_173	240816	F	X240816_TroutGutHistones_173.mzML	mid_gut	NC	2	day_02	J6	NC_day_02	early	NC_early
S_093	X260220_TroutLiver_Histones_174	260220_TroutLiver_Proteome_174	F	MicrobE_253_M_P3	MicrobE_34_D_P1	240906_Diluted_TroutGutProteome_117	D	X240816_TroutGutHistones_117	240816	D	X240816_TroutGutHistones_117.mzML	mid_gut	NC	2	day_02	J6	NC_day_02	early	NC_early
S_095	X260220_TroutLiver_Histones_054	260220_TroutLiver_Proteome_054	B	MicrobE_233_M_P3	MicrobE_58_D_P1	240906_Diluted_TroutGutProteome_032	B	X240816_TroutGutHistones_032	240816	B	X240816_TroutGutHistones_032.mzML	mid_gut	NC	2	day_02	J6	NC_day_02	early	NC_early
S_097	X260220_TroutLiver_Histones_134	260220_TroutLiver_Proteome_134	E	MicrobE_349_M_P4	MicrobE_39_D_P1	240906_Diluted_TroutGutProteome_020	A	X240816_TroutGutHistones_020	240816	A	X240816_TroutGutHistones_020.mzML	mid_gut	HC	2	day_02	K1	HC_day_02	early	HC_early
S_099	X260220_TroutLiver_Histones_029	260220_TroutLiver_Proteome_029	A	MicrobE_270_M_P3	MicrobE_96_D_P2	240906_Diluted_TroutGutProteome_048	B	X240712_TroutGutHistones_048	240712	B	X240712_TroutGutHistones_048.mzML	mid_gut	HC	2	day_02	K1	HC_day_02	early	HC_early
S_101	X260220_TroutLiver_Histones_090	260220_TroutLiver_Proteome_090	D	MicrobE_208_M_P3	MicrobE_16_D_P1	240906_Diluted_TroutGutProteome_110	D	X240816_TroutGutHistones_110	240816	D	X240816_TroutGutHistones_110.mzML	mid_gut	HC	2	day_02	K1	HC_day_02	early	HC_early
S_103	X260220_TroutLiver_Histones_101	260220_TroutLiver_Proteome_101	D	MicrobE_328_M_P4	MicrobE_135_D_P2	240906_Diluted_TroutGutProteome_050	B	X240816_TroutGutHistones_050	240816	B	X240816_TroutGutHistones_050.mzML	mid_gut	HC	2	day_02	K1	HC_day_02	early	HC_early
S_105	X260220_TroutLiver_Histones_087	260220_TroutLiver_Proteome_087	C	MicrobE_312_M_P4	MicrobE_149_D_P2	240906_Diluted_TroutGutProteome_153	F	X240816_TroutGutHistones_153	240816	F	X240816_TroutGutHistones_153.mzML	mid_gut	NC	2	day_02	K2	NC_day_02	early	NC_early
S_107	X260220_TroutLiver_Histones_156	260220_TroutLiver_Proteome_156	F	MicrobE_296_M_P4	MicrobE_113_D_P2	240906_Diluted_TroutGutProteome_118	D	X240816_TroutGutHistones_118	240816	D	X240816_TroutGutHistones_118.mzML	mid_gut	NC	2	day_02	K2	NC_day_02	early	NC_early
S_109	X260220_TroutLiver_Histones_164	260220_TroutLiver_Proteome_164	F	MicrobE_226_M_P3	MicrobE_178_D_P2	240906_Diluted_TroutGutProteome_041	B	X240816_TroutGutHistones_041	240816	B	X240816_TroutGutHistones_041.mzML	mid_gut	NC	2	day_02	K2	NC_day_02	early	NC_early
S_111	X260220_TroutLiver_Histones_012	260220_TroutLiver_Proteome_012	A	MicrobE_260_M_P3	MicrobE_40_D_P1	240906_Diluted_TroutGutProteome_127	E	X240816_TroutGutHistones_127	240816	E	X240816_TroutGutHistones_127.mzML	mid_gut	NC	2	day_02	K2	NC_day_02	early	NC_early
S_113	X260220_TroutLiver_Histones_163	260220_TroutLiver_Proteome_163	F	MicrobE_182_M_P3	MicrobE_41_D_P1	240906_Diluted_TroutGutProteome_119	D	X240816_TroutGutHistones_119	240816	D	X240816_TroutGutHistones_119.mzML	mid_gut	HC	2	day_02	K3	HC_day_02	early	HC_early
S_115	X260220_TroutLiver_Histones_046	260220_TroutLiver_Proteome_046	B	MicrobE_347_M_P4	MicrobE_174_D_P2	240906_Diluted_TroutGutProteome_069	C	X240816_TroutGutHistones_069	240816	C	X240816_TroutGutHistones_069.mzML	mid_gut	HC	2	day_02	K3	HC_day_02	early	HC_early
S_117	X260220_TroutLiver_Histones_157	260220_TroutLiver_Proteome_157	F	MicrobE_305_M_P4	MicrobE_159_D_P2	240906_Diluted_TroutGutProteome_034	B	X240816_TroutGutHistones_034	240816	B	X240816_TroutGutHistones_034.mzML	mid_gut	HC	2	day_02	K3	HC_day_02	early	HC_early
S_119	X260220_TroutLiver_Histones_104	260220_TroutLiver_Proteome_104	D	MicrobE_288_M_P4	MicrobE_56_D_P1	240906_Diluted_TroutGutProteome_001	A	X240816_TroutGutHistones_001	240816	A	X240816_TroutGutHistones_001.mzML	mid_gut	HC	2	day_02	K3	HC_day_02	early	HC_early
S_121	X260220_TroutLiver_Histones_123	260220_TroutLiver_Proteome_123	E	MicrobE_278_M_P4	MicrobE_148_D_P2	240906_Diluted_TroutGutProteome_156	F	X240712_TroutGutHistones_156	240712	F	X240712_TroutGutHistones_156.mzML	mid_gut	NC	3	day_03	J4	NC_day_03	early	NC_early
S_123	X260220_TroutLiver_Histones_048	260220_TroutLiver_Proteome_048	B	MicrobE_327_M_P4	MicrobE_94_D_P1	240906_Diluted_TroutGutProteome_056	B	X240816_TroutGutHistones_056	240816	B	X240816_TroutGutHistones_056.mzML	mid_gut	NC	3	day_03	J4	NC_day_03	early	NC_early
S_125	X260220_TroutLiver_Histones_127	260220_TroutLiver_Proteome_127	E	MicrobE_350_M_P4	MicrobE_78_D_P1	240906_Diluted_TroutGutProteome_085	C	X240816_TroutGutHistones_085	240816	C	X240816_TroutGutHistones_085.mzML	mid_gut	NC	3	day_03	J4	NC_day_03	early	NC_early
S_127	X260220_TroutLiver_Histones_075	260220_TroutLiver_Proteome_075	C	MicrobE_245_M_P3	MicrobE_63_D_P1	240906_Diluted_TroutGutProteome_108	D	X240816_TroutGutHistones_108	240816	D	X240816_TroutGutHistones_108.mzML	mid_gut	NC	3	day_03	J4	NC_day_03	early	NC_early
S_129	X260220_TroutLiver_Histones_167	260220_TroutLiver_Proteome_167	F	MicrobE_267_M_P3	MicrobE_132_D_P2	240906_Diluted_TroutGutProteome_152	F	X240816_TroutGutHistones_152	240816	F	X240816_TroutGutHistones_152.mzML	mid_gut	HC	3	day_03	J5	HC_day_03	early	HC_early
S_131	X260220_TroutLiver_Histones_150	260220_TroutLiver_Proteome_150	F	MicrobE_184_M_P3	MicrobE_86_D_P1	240906_Diluted_TroutGutProteome_105	D	X240816_TroutGutHistones_105	240816	D	X240816_TroutGutHistones_105.mzML	mid_gut	HC	3	day_03	J5	HC_day_03	early	HC_early
S_133	X260220_TroutLiver_Histones_089	260220_TroutLiver_Proteome_089	D	MicrobE_261_M_P3	MicrobE_155_D_P2	240906_Diluted_TroutGutProteome_068	C	X240816_TroutGutHistones_068	240816	C	X240816_TroutGutHistones_068.mzML	mid_gut	HC	3	day_03	J5	HC_day_03	early	HC_early
S_135	X260220_TroutLiver_Histones_039	260220_TroutLiver_Proteome_039	B	MicrobE_232_M_P3	MicrobE_110_D_P2	240906_Diluted_TroutGutProteome_062	C	X240816_TroutGutHistones_062	240816	C	X240816_TroutGutHistones_062.mzML	mid_gut	HC	3	day_03	J5	HC_day_03	early	HC_early
S_137	X260220_TroutLiver_Histones_001	260220_TroutLiver_Proteome_001	A	MicrobE_354_M_P4	MicrobE_152_D_P2	240906_Diluted_TroutGutProteome_150	E	X240816_TroutGutHistones_150	240816	E	X240816_TroutGutHistones_150.mzML	mid_gut	NC	3	day_03	J6	NC_day_03	early	NC_early
S_139	X260220_TroutLiver_Histones_109	260220_TroutLiver_Proteome_109	D	MicrobE_200_M_P3	MicrobE_127_D_P2	240906_Diluted_TroutGutProteome_045	B	X240816_TroutGutHistones_045	240816	B	X240816_TroutGutHistones_045.mzML	mid_gut	NC	3	day_03	J6	NC_day_03	early	NC_early
S_141	X260220_TroutLiver_Histones_017	260220_TroutLiver_Proteome_017	A	MicrobE_257_M_P3	MicrobE_66_D_P1	240906_Diluted_TroutGutProteome_040	B	X240816_TroutGutHistones_040	240816	B	X240816_TroutGutHistones_040.mzML	mid_gut	NC	3	day_03	J6	NC_day_03	early	NC_early
S_143	X260220_TroutLiver_Histones_056	260220_TroutLiver_Proteome_056	B	MicrobE_311_M_P4	MicrobE_168_D_P2	240906_Diluted_TroutGutProteome_077	C	X240816_TroutGutHistones_077	240816	C	X240816_TroutGutHistones_077.mzML	mid_gut	NC	3	day_03	J6	NC_day_03	early	NC_early
S_145	X260220_TroutLiver_Histones_138	260220_TroutLiver_Proteome_138	E	MicrobE_190_M_P3	MicrobE_108_D_P2							mid_gut	HC	3	day_03	K1	HC_day_03	early	HC_early
S_147	X260220_TroutLiver_Histones_004	260220_TroutLiver_Proteome_004	A	MicrobE_235_M_P3	MicrobE_22_D_P1	240906_Diluted_TroutGutProteome_071	C	X240816_TroutGutHistones_071	240816	C	X240816_TroutGutHistones_071.mzML	mid_gut	HC	3	day_03	K1	HC_day_03	early	HC_early
S_149	X260220_TroutLiver_Histones_027	260220_TroutLiver_Proteome_027	A	MicrobE_332_M_P4	MicrobE_42_D_P1	240906_Diluted_TroutGutProteome_146	E	X240816_TroutGutHistones_146	240816	E	X240816_TroutGutHistones_146.mzML	mid_gut	HC	3	day_03	K1	HC_day_03	early	HC_early
S_151	X260220_TroutLiver_Histones_084	260220_TroutLiver_Proteome_084	C	MicrobE_251_M_P3	MicrobE_65_D_P1	240906_Diluted_TroutGutProteome_023	A	X240816_TroutGutHistones_023	240816	A	X240816_TroutGutHistones_023.mzML	mid_gut	HC	3	day_03	K1	HC_day_03	early	HC_early
S_153	X260220_TroutLiver_Histones_020	260220_TroutLiver_Proteome_020	A	MicrobE_258_M_P3	MicrobE_129_D_P2	240906_Diluted_TroutGutProteome_037	B	X240816_TroutGutHistones_037	240816	B	X240816_TroutGutHistones_037.mzML	mid_gut	NC	3	day_03	K2	NC_day_03	early	NC_early
S_155	X260220_TroutLiver_Histones_098	260220_TroutLiver_Proteome_098	D	MicrobE_242_M_P3	MicrobE_171_D_P2	240906_Diluted_TroutGutProteome_031	B	X240816_TroutGutHistones_031	240816	B	X240816_TroutGutHistones_031.mzML	mid_gut	NC	3	day_03	K2	NC_day_03	early	NC_early
S_157	X260220_TroutLiver_Histones_035	260220_TroutLiver_Proteome_035	B	MicrobE_303_M_P4	MicrobE_145_D_P2	240906_Diluted_TroutGutProteome_021	A	X240816_TroutGutHistones_021	240816	A	X240816_TroutGutHistones_021.mzML	mid_gut	NC	3	day_03	K2	NC_day_03	early	NC_early
S_159	X260220_TroutLiver_Histones_115	260220_TroutLiver_Proteome_115	D	MicrobE_236_M_P3	MicrobE_38_D_P1	240906_Diluted_TroutGutProteome_158	F	X240816_TroutGutHistones_158	240816	F	X240816_TroutGutHistones_158.mzML	mid_gut	NC	3	day_03	K2	NC_day_03	early	NC_early
S_161	X260220_TroutLiver_Histones_143	260220_TroutLiver_Proteome_143	E	MicrobE_304_M_P4	MicrobE_115_D_P2	240906_Diluted_TroutGutProteome_130	E	X240816_TroutGutHistones_130	240816	E	X240816_TroutGutHistones_130.mzML	mid_gut	HC	3	day_03	K3	HC_day_03	early	HC_early
S_163	X260220_TroutLiver_Histones_003	260220_TroutLiver_Proteome_003	A	MicrobE_287_M_P4	MicrobE_114_D_P2	240906_Diluted_TroutGutProteome_141	E	X240816_TroutGutHistones_141	240816	E	X240816_TroutGutHistones_141.mzML	mid_gut	HC	3	day_03	K3	HC_day_03	early	HC_early
S_165	X260220_TroutLiver_Histones_168	260220_TroutLiver_Proteome_168	F	MicrobE_269_M_P3	MicrobE_160_D_P2	240906_Diluted_TroutGutProteome_155	F	X240816_TroutGutHistones_155	240816	F	X240816_TroutGutHistones_155.mzML	mid_gut	HC	3	day_03	K3	HC_day_03	early	HC_early
S_167	X260220_TroutLiver_Histones_108	260220_TroutLiver_Proteome_108	D	MicrobE_310_M_P4	MicrobE_32_D_P1	240906_Diluted_TroutGutProteome_125	E	X240816_TroutGutHistones_125	240816	E	X240816_TroutGutHistones_125.mzML	mid_gut	HC	3	day_03	K3	HC_day_03	early	HC_early
S_169	X260220_TroutLiver_Histones_052	260220_TroutLiver_Proteome_052	B	MicrobE_333_M_P4	MicrobE_10_D_P1	240906_Diluted_TroutGutProteome_038	B	X240712_TroutGutHistones_038B	240712	B	X240712_TroutGutHistones_038B.mzML	mid_gut	NC	4	day_04	J4	NC_day_04	early	NC_early
S_171	X260220_TroutLiver_Histones_028	260220_TroutLiver_Proteome_028	A	MicrobE_259_M_P3	MicrobE_36_D_P1	240906_Diluted_TroutGutProteome_086	C	X240816_TroutGutHistones_086	240816	C	X240816_TroutGutHistones_086.mzML	mid_gut	NC	4	day_04	J4	NC_day_04	early	NC_early
S_173	X260220_TroutLiver_Histones_082	260220_TroutLiver_Proteome_082	C	MicrobE_313_M_P4	MicrobE_133_D_P2	240906_Diluted_TroutGutProteome_104	D	X240816_TroutGutHistones_104	240816	D	X240816_TroutGutHistones_104.mzML	mid_gut	NC	4	day_04	J4	NC_day_04	early	NC_early
S_175	X260220_TroutLiver_Histones_165	260220_TroutLiver_Proteome_165	F	MicrobE_240_M_P3	MicrobE_106_D_P2	240906_Diluted_TroutGutProteome_162	F	X240816_TroutGutHistones_162	240816	F	X240816_TroutGutHistones_162.mzML	mid_gut	NC	4	day_04	J4	NC_day_04	early	NC_early
S_177	X260220_TroutLiver_Histones_135	260220_TroutLiver_Proteome_135	E	MicrobE_315_M_P4	MicrobE_70_D_P1	240906_Diluted_TroutGutProteome_039	B	X240816_TroutGutHistones_039	240816	B	X240816_TroutGutHistones_039.mzML	mid_gut	HC	4	day_04	J5	HC_day_04	early	HC_early
S_179	X260220_TroutLiver_Histones_094	260220_TroutLiver_Proteome_094	D	MicrobE_183_M_P3	MicrobE_26_D_P1	240906_Diluted_TroutGutProteome_072	C	X240816_TroutGutHistones_072	240816	C	X240816_TroutGutHistones_072.mzML	mid_gut	HC	4	day_04	J5	HC_day_04	early	HC_early
S_181	X260220_TroutLiver_Histones_100	260220_TroutLiver_Proteome_100	D	MicrobE_227_M_P3	MicrobE_131_D_P2	240906_Diluted_TroutGutProteome_081	C	X240816_TroutGutHistones_081	240816	C	X240816_TroutGutHistones_081.mzML	mid_gut	HC	4	day_04	J5	HC_day_04	early	HC_early
S_183	X260220_TroutLiver_Histones_021	260220_TroutLiver_Proteome_021	A	MicrobE_346_M_P4	MicrobE_7_D_P1	240906_Diluted_TroutGutProteome_061	C	X240712_TroutGutHistones_061	240712	C	X240712_TroutGutHistones_061.mzML	mid_gut	HC	4	day_04	J5	HC_day_04	early	HC_early
S_185	X260220_TroutLiver_Histones_166	260220_TroutLiver_Proteome_166	F	MicrobE_194_M_P3	MicrobE_45_D_P1	240906_Diluted_TroutGutProteome_082	C	X240816_TroutGutHistones_082	240816	C	X240816_TroutGutHistones_082.mzML	mid_gut	NC	4	day_04	J6	NC_day_04	early	NC_early
S_187	X260220_TroutLiver_Histones_077	260220_TroutLiver_Proteome_077	C	MicrobE_323_M_P4	MicrobE_93_D_P1	240906_Diluted_TroutGutProteome_129	E	X240816_TroutGutHistones_129	240816	E	X240816_TroutGutHistones_129.mzML	mid_gut	NC	4	day_04	J6	NC_day_04	early	NC_early
S_189	X260220_TroutLiver_Histones_111	260220_TroutLiver_Proteome_111	D	MicrobE_221_M_P3	MicrobE_46_D_P1	240906_Diluted_TroutGutProteome_121	E	X240816_TroutGutHistones_121	240816	E	X240816_TroutGutHistones_121.mzML	mid_gut	NC	4	day_04	J6	NC_day_04	early	NC_early
S_191	X260220_TroutLiver_Histones_155	260220_TroutLiver_Proteome_155	F	MicrobE_317_M_P4	MicrobE_124_D_P2	240906_Diluted_TroutGutProteome_042	B	X240816_TroutGutHistones_042	240816	B	X240816_TroutGutHistones_042.mzML	mid_gut	NC	4	day_04	J6	NC_day_04	early	NC_early
S_193	X260220_TroutLiver_Histones_061	260220_TroutLiver_Proteome_061	C	MicrobE_300_M_P4	MicrobE_29_D_P1	240906_Diluted_TroutGutProteome_046	B	X240816_TroutGutHistones_046	240816	B	X240816_TroutGutHistones_046.mzML	mid_gut	HC	4	day_04	K1	HC_day_04	early	HC_early
S_195	X260220_TroutLiver_Histones_097	260220_TroutLiver_Proteome_097	D	MicrobE_321_M_P4	MicrobE_82_D_P1	240906_Diluted_TroutGutProteome_008	A	X240712_TroutGutHistones_008	240712	A	X240712_TroutGutHistones_008.mzML	mid_gut	HC	4	day_04	K1	HC_day_04	early	HC_early
S_197	X260220_TroutLiver_Histones_080	260220_TroutLiver_Proteome_080	C	MicrobE_181_M_P3	MicrobE_11_D_P1	240906_Diluted_TroutGutProteome_094	D	X240816_TroutGutHistones_094	240816	D	X240816_TroutGutHistones_094.mzML	mid_gut	HC	4	day_04	K1	HC_day_04	early	HC_early
S_199	X260220_TroutLiver_Histones_009	260220_TroutLiver_Proteome_009	A	MicrobE_329_M_P4	MicrobE_91_D_P1	240906_Diluted_TroutGutProteome_064	C	X240816_TroutGutHistones_064	240816	C	X240816_TroutGutHistones_064.mzML	mid_gut	HC	4	day_04	K1	HC_day_04	early	HC_early
S_201	X260220_TroutLiver_Histones_093	260220_TroutLiver_Proteome_093	D	MicrobE_282_M_P4	MicrobE_13_D_P1	240906_Diluted_TroutGutProteome_036	B	X240816_TroutGutHistones_036	240816	B	X240816_TroutGutHistones_036.mzML	mid_gut	NC	4	day_04	K2	NC_day_04	early	NC_early
S_203	X260220_TroutLiver_Histones_073	260220_TroutLiver_Proteome_073	C	MicrobE_275_M_P4	MicrobE_60_D_P1	240906_Diluted_TroutGutProteome_138	E	X240816_TroutGutHistones_138	240816	E	X240816_TroutGutHistones_138.mzML	mid_gut	NC	4	day_04	K2	NC_day_04	early	NC_early
S_205	X260220_TroutLiver_Histones_161	260220_TroutLiver_Proteome_161	F	MicrobE_237_M_P3	MicrobE_48_D_P1	240906_Diluted_TroutGutProteome_131	E	X240816_TroutGutHistones_131	240816	E	X240816_TroutGutHistones_131.mzML	mid_gut	NC	4	day_04	K2	NC_day_04	early	NC_early
S_207	X260220_TroutLiver_Histones_119	260220_TroutLiver_Proteome_119	E	MicrobE_247_M_P3	MicrobE_55_D_P1	240906_Diluted_TroutGutProteome_084	C	X240816_TroutGutHistones_084	240816	C	X240816_TroutGutHistones_084.mzML	mid_gut	NC	4	day_04	K2	NC_day_04	early	NC_early
S_209	X260220_TroutLiver_Histones_053	260220_TroutLiver_Proteome_053	B	MicrobE_201_M_P3	MicrobE_177_D_P2	240906_Diluted_TroutGutProteome_054	B	X240816_TroutGutHistones_054	240816	B	X240816_TroutGutHistones_054.mzML	mid_gut	HC	4	day_04	K3	HC_day_04	early	HC_early
S_211	X260220_TroutLiver_Histones_058	260220_TroutLiver_Proteome_058	B		MicrobE_53_D_P1	240906_Diluted_TroutGutProteome_148	E	X240816_TroutGutHistones_148	240816	E	X240816_TroutGutHistones_148.mzML	mid_gut	HC	4	day_04	K3	HC_day_04	early	HC_early
S_213	X260220_TroutLiver_Histones_026	260220_TroutLiver_Proteome_026	A	MicrobE_286_M_P4	MicrobE_75_D_P1	240906_Diluted_TroutGutProteome_179	F	X240816_TroutGutHistones_179	240816	F	X240816_TroutGutHistones_179.mzML	mid_gut	HC	4	day_04	K3	HC_day_04	early	HC_early
S_215	X260220_TroutLiver_Histones_103	260220_TroutLiver_Proteome_103	D	MicrobE_339_M_P4	MicrobE_150_D_P2	240906_Diluted_TroutGutProteome_058	B	X240816_TroutGutHistones_058	240816	B	X240816_TroutGutHistones_058.mzML	mid_gut	HC	4	day_04	K3	HC_day_04	early	HC_early
S_217	X260220_TroutLiver_Histones_149	260220_TroutLiver_Proteome_149	F	MicrobE_283_M_P4	MicrobE_79_D_P1	240906_Diluted_TroutGutProteome_177	F	X240816_TroutGutHistones_177	240816	F	X240816_TroutGutHistones_177.mzML	mid_gut	NC	10	day_10	J4	NC_day_10	late	NC_late
S_219	X260220_TroutLiver_Histones_051	260220_TroutLiver_Proteome_051	B	MicrobE_263_M_P3	MicrobE_28_D_P1	240906_Diluted_TroutGutProteome_022	A	X240816_TroutGutHistones_022	240816	A	X240816_TroutGutHistones_022.mzML	mid_gut	NC	10	day_10	J4	NC_day_10	late	NC_late
S_221	X260220_TroutLiver_Histones_096	260220_TroutLiver_Proteome_096	D	MicrobE_211_M_P3	MicrobE_85_D_P1	240906_Diluted_TroutGutProteome_128	E	X240816_TroutGutHistones_128	240816	E	X240816_TroutGutHistones_128.mzML	mid_gut	NC	10	day_10	J4	NC_day_10	late	NC_late
S_223	X260220_TroutLiver_Histones_006	260220_TroutLiver_Proteome_006	A	MicrobE_217_M_P3	MicrobE_51_D_P1	240906_Diluted_TroutGutProteome_025	A	X240816_TroutGutHistones_025	240816	A	X240816_TroutGutHistones_025.mzML	mid_gut	NC	10	day_10	J4	NC_day_10	late	NC_late
S_225	X260220_TroutLiver_Histones_172	260220_TroutLiver_Proteome_172	F	MicrobE_297_M_P4	MicrobE_162_D_P2	240906_Diluted_TroutGutProteome_005	A	X240816_TroutGutHistones_005	240816	A	X240816_TroutGutHistones_005.mzML	mid_gut	HC	10	day_10	J5	HC_day_10	late	HC_late
S_227	X260220_TroutLiver_Histones_065	260220_TroutLiver_Proteome_065	C	MicrobE_334_M_P4	MicrobE_52_D_P1	240906_Diluted_TroutGutProteome_160	F	X240816_TroutGutHistones_160	240816	F	X240816_TroutGutHistones_160.mzML	mid_gut	HC	10	day_10	J5	HC_day_10	late	HC_late
S_229	X260220_TroutLiver_Histones_110	260220_TroutLiver_Proteome_110	D	MicrobE_337_M_P4	MicrobE_88_D_P1	240906_Diluted_TroutGutProteome_099	D	X240816_TroutGutHistones_099	240816	D	X240816_TroutGutHistones_099.mzML	mid_gut	HC	10	day_10	J5	HC_day_10	late	HC_late
S_231	X260220_TroutLiver_Histones_177	260220_TroutLiver_Proteome_177	G	MicrobE_320_M_P4	MicrobE_151_D_P2	240906_Diluted_TroutGutProteome_164	F	X240816_TroutGutHistones_164	240816	F	X240816_TroutGutHistones_164.mzML	mid_gut	HC	10	day_10	J5	HC_day_10	late	HC_late
S_233	X260220_TroutLiver_Histones_078	260220_TroutLiver_Proteome_078	C	MicrobE_265_M_P3	MicrobE_97_D_P2	240906_Diluted_TroutGutProteome_043	B					mid_gut	NC	10	day_10	J6	NC_day_10	late	NC_late
S_235	X260220_TroutLiver_Histones_037	260220_TroutLiver_Proteome_037	B	MicrobE_222_M_P3	MicrobE_57_D_P1	240906_Diluted_TroutGutProteome_079	C	X240816_TroutGutHistones_079	240816	C	X240816_TroutGutHistones_079.mzML	mid_gut	NC	10	day_10	J6	NC_day_10	late	NC_late
S_237	X260220_TroutLiver_Histones_151	260220_TroutLiver_Proteome_151	F	MicrobE_254_M_P3	MicrobE_31_D_P1	240906_Diluted_TroutGutProteome_113	D	X240816_TroutGutHistones_113	240816	D	X240816_TroutGutHistones_113.mzML	mid_gut	NC	10	day_10	J6	NC_day_10	late	NC_late
S_239	X260220_TroutLiver_Histones_173	260220_TroutLiver_Proteome_173	F	MicrobE_218_M_P3	MicrobE_6_D_P1	240906_Diluted_TroutGutProteome_178	F	X240816_TroutGutHistones_178	240816	F	X240816_TroutGutHistones_178.mzML	mid_gut	NC	10	day_10	J6	NC_day_10	late	NC_late
S_241	X260220_TroutLiver_Histones_062	260220_TroutLiver_Proteome_062	C	MicrobE_279_M_P4	MicrobE_157_D_P2	240906_Diluted_TroutGutProteome_168	F	X240816_TroutGutHistones_168	240816	F	X240816_TroutGutHistones_168.mzML	mid_gut	HC	10	day_10	K1	HC_day_10	late	HC_late
S_243	X260220_TroutLiver_Histones_068	260220_TroutLiver_Proteome_068	C	MicrobE_198_M_P3	MicrobE_61_D_P1	240906_Diluted_TroutGutProteome_026	A	X240816_TroutGutHistones_026	240816	A	X240816_TroutGutHistones_026.mzML	mid_gut	HC	10	day_10	K1	HC_day_10	late	HC_late
S_245	X260220_TroutLiver_Histones_023	260220_TroutLiver_Proteome_023	A	MicrobE_326_M_P4	MicrobE_139_D_P2	240906_Diluted_TroutGutProteome_027	A	X240816_TroutGutHistones_027	240816	A	X240816_TroutGutHistones_027.mzML	mid_gut	HC	10	day_10	K1	HC_day_10	late	HC_late
S_247	X260220_TroutLiver_Histones_121	260220_TroutLiver_Proteome_121	E	MicrobE_207_M_P3	MicrobE_9_D_P1	240906_Diluted_TroutGutProteome_059	B	X240816_TroutGutHistones_059	240816	B	X240816_TroutGutHistones_059.mzML	mid_gut	HC	10	day_10	K1	HC_day_10	late	HC_late
S_249	X260220_TroutLiver_Histones_016	260220_TroutLiver_Proteome_016	A	MicrobE_234_M_P3	MicrobE_67_D_P1	240906_Diluted_TroutGutProteome_149	E	X240816_TroutGutHistones_149	240816	E	X240816_TroutGutHistones_149.mzML	mid_gut	NC	10	day_10	K2	NC_day_10	late	NC_late
S_251	X260220_TroutLiver_Histones_114	260220_TroutLiver_Proteome_114	D	MicrobE_188_M_P3	MicrobE_165_D_P2	240906_Diluted_TroutGutProteome_067	C	X240816_TroutGutHistones_067	240816	C	X240816_TroutGutHistones_067.mzML	mid_gut	NC	10	day_10	K2	NC_day_10	late	NC_late
S_253	X260220_TroutLiver_Histones_057	260220_TroutLiver_Proteome_057	B	MicrobE_324_M_P4	MicrobE_156_D_P2	240906_Diluted_TroutGutProteome_078	C	X240816_TroutGutHistones_078	240816	C	X240816_TroutGutHistones_078.mzML	mid_gut	NC	10	day_10	K2	NC_day_10	late	NC_late
S_255	X260220_TroutLiver_Histones_129	260220_TroutLiver_Proteome_129	E	MicrobE_193_M_P3	MicrobE_169_D_P2	240906_Diluted_TroutGutProteome_028	A	X240816_TroutGutHistones_028	240816	A	X240816_TroutGutHistones_028.mzML	mid_gut	NC	10	day_10	K2	NC_day_10	late	NC_late
S_257	X260220_TroutLiver_Histones_106	260220_TroutLiver_Proteome_106	D	MicrobE_219_M_P3	MicrobE_125_D_P2	240906_Diluted_TroutGutProteome_120	D	X240816_TroutGutHistones_120	240816	D	X240816_TroutGutHistones_120.mzML	mid_gut	HC	10	day_10	K3	HC_day_10	late	HC_late
S_259	X260220_TroutLiver_Histones_141	260220_TroutLiver_Proteome_141	E	MicrobE_210_M_P3	MicrobE_73_D_P1	240906_Diluted_TroutGutProteome_066	C	X240816_TroutGutHistones_066	240816	C	X240816_TroutGutHistones_066.mzML	mid_gut	HC	10	day_10	K3	HC_day_10	late	HC_late
S_261	X260220_TroutLiver_Histones_019	260220_TroutLiver_Proteome_019	A	MicrobE_318_M_P4	MicrobE_8_D_P1	240906_Diluted_TroutGutProteome_018	A	X240816_TroutGutHistones_018	240816	A	X240816_TroutGutHistones_018.mzML	mid_gut	HC	10	day_10	K3	HC_day_10	late	HC_late
S_263	X260220_TroutLiver_Histones_088	260220_TroutLiver_Proteome_088	C	MicrobE_229_M_P3	MicrobE_17_D_P1	240906_Diluted_TroutGutProteome_011	A	X240816_TroutGutHistones_011	240816	A	X240816_TroutGutHistones_011.mzML	mid_gut	HC	10	day_10	K3	HC_day_10	late	HC_late
S_265	X260220_TroutLiver_Histones_091	260220_TroutLiver_Proteome_091	D	MicrobE_314_M_P4	MicrobE_167_D_P2	240906_Diluted_TroutGutProteome_095	D	X240816_TroutGutHistones_095	240816	D	X240816_TroutGutHistones_095.mzML	mid_gut	NC	15	day_15	J4	NC_day_15	late	NC_late
S_267	X260220_TroutLiver_Histones_064	260220_TroutLiver_Proteome_064	C	MicrobE_203_M_P3	MicrobE_116_D_P2	240906_Diluted_TroutGutProteome_070	C	X240816_TroutGutHistones_070	240816	C	X240816_TroutGutHistones_070.mzML	mid_gut	NC	15	day_15	J4	NC_day_15	late	NC_late
S_269	X260220_TroutLiver_Histones_034	260220_TroutLiver_Proteome_034	B	MicrobE_299_M_P4	MicrobE_81_D_P1	240906_Diluted_TroutGutProteome_124	E	X240816_TroutGutHistones_124	240816	E	X240816_TroutGutHistones_124.mzML	mid_gut	NC	15	day_15	J4	NC_day_15	late	NC_late
S_271	X260220_TroutLiver_Histones_022	260220_TroutLiver_Proteome_022	A	MicrobE_285_M_P4	MicrobE_103_D_P2	240906_Diluted_TroutGutProteome_098	D	X240816_TroutGutHistones_098	240816	D	X240816_TroutGutHistones_098.mzML	mid_gut	NC	15	day_15	J4	NC_day_15	late	NC_late
S_273	X260220_TroutLiver_Histones_180	260220_TroutLiver_Proteome_180	G	MicrobE_187_M_P3	MicrobE_130_D_P2	240906_Diluted_TroutGutProteome_080	C	X240816_TroutGutHistones_080	240816	C	X240816_TroutGutHistones_080.mzML	mid_gut	HC	15	day_15	J5	HC_day_15	late	HC_late
S_275	X260220_TroutLiver_Histones_147	260220_TroutLiver_Proteome_147	F		MicrobE_121_D_P2	240906_Diluted_TroutGutProteome_109	D	X240816_TroutGutHistones_109	240816	D	X240816_TroutGutHistones_109.mzML	mid_gut	HC	15	day_15	J5	HC_day_15	late	HC_late
S_277	X260220_TroutLiver_Histones_030	260220_TroutLiver_Proteome_030	A	MicrobE_195_M_P3	MicrobE_101_D_P2	240906_Diluted_TroutGutProteome_029	A	X240816_TroutGutHistones_029	240816	A	X240816_TroutGutHistones_029.mzML	mid_gut	HC	15	day_15	J5	HC_day_15	late	HC_late
S_279	X260220_TroutLiver_Histones_031	260220_TroutLiver_Proteome_031	B	MicrobE_348_M_P4	MicrobE_147_D_P2	240906_Diluted_TroutGutProteome_170	F	X240816_TroutGutHistones_170	240816	F	X240816_TroutGutHistones_170.mzML	mid_gut	HC	15	day_15	J5	HC_day_15	late	HC_late
S_281	X260220_TroutLiver_Histones_063	260220_TroutLiver_Proteome_063	C	MicrobE_248_M_P3	MicrobE_69_D_P1	240906_Diluted_TroutGutProteome_145	E	X240816_TroutGutHistones_145	240816	E	X240816_TroutGutHistones_145.mzML	mid_gut	NC	15	day_15	J6	NC_day_15	late	NC_late
S_283	X260220_TroutLiver_Histones_015	260220_TroutLiver_Proteome_015	A	MicrobE_230_M_P3	MicrobE_2_D_P1	240906_Diluted_TroutGutProteome_097	D	X240816_TroutGutHistones_097	240816	D	X240816_TroutGutHistones_097.mzML	mid_gut	NC	15	day_15	J6	NC_day_15	late	NC_late
S_285	X260220_TroutLiver_Histones_043	260220_TroutLiver_Proteome_043	B	MicrobE_266_M_P3	MicrobE_104_D_P2	240906_Diluted_TroutGutProteome_014	A	X240816_TroutGutHistones_014	240816	A	X240816_TroutGutHistones_014.mzML	mid_gut	NC	15	day_15	J6	NC_day_15	late	NC_late
S_287	X260220_TroutLiver_Histones_007	260220_TroutLiver_Proteome_007	A	MicrobE_280_M_P4	MicrobE_112_D_P2	240906_Diluted_TroutGutProteome_019	A	X240816_TroutGutHistones_019	240816	A	X240816_TroutGutHistones_019.mzML	mid_gut	NC	15	day_15	J6	NC_day_15	late	NC_late
S_289	X260220_TroutLiver_Histones_133	260220_TroutLiver_Proteome_133	E	MicrobE_356_M_P4	MicrobE_21_D_P1	240906_Diluted_TroutGutProteome_159	F	X240816_TroutGutHistones_159	240816	F	X240816_TroutGutHistones_159.mzML	mid_gut	HC	15	day_15	K1	HC_day_15	late	HC_late
S_291	X260220_TroutLiver_Histones_033	260220_TroutLiver_Proteome_033	B	MicrobE_239_M_P3	MicrobE_54_D_P1	240906_Diluted_TroutGutProteome_049	B	X240712_TroutGutHistones_049	240712	B	X240712_TroutGutHistones_049.mzML	mid_gut	HC	15	day_15	K1	HC_day_15	late	HC_late
S_293	X260220_TroutLiver_Histones_060	260220_TroutLiver_Proteome_060	C	MicrobE_351_M_P4	MicrobE_175_D_P2	240906_Diluted_TroutGutProteome_096	D	X240816_TroutGutHistones_096	240816	D	X240816_TroutGutHistones_096.mzML	mid_gut	HC	15	day_15	K1	HC_day_15	late	HC_late
S_295	X260220_TroutLiver_Histones_162	260220_TroutLiver_Proteome_162	F		MicrobE_164_D_P2	240906_Diluted_TroutGutProteome_143	E	X240816_TroutGutHistones_143	240816	E	X240816_TroutGutHistones_143.mzML	mid_gut	HC	15	day_15	K1	HC_day_15	late	HC_late
S_297	X260220_TroutLiver_Histones_025	260220_TroutLiver_Proteome_025	A	MicrobE_335_M_P4	MicrobE_105_D_P2	240906_Diluted_TroutGutProteome_063	C	X240816_TroutGutHistones_063	240816	C	X240816_TroutGutHistones_063.mzML	mid_gut	NC	15	day_15	K2	NC_day_15	late	NC_late
S_299	X260220_TroutLiver_Histones_170	260220_TroutLiver_Proteome_170	F	MicrobE_290_M_P4	MicrobE_102_D_P2	240906_Diluted_TroutGutProteome_126	E	X240816_TroutGutHistones_126	240816	E	X240816_TroutGutHistones_126.mzML	mid_gut	NC	15	day_15	K2	NC_day_15	late	NC_late
S_301	X260220_TroutLiver_Histones_176	260220_TroutLiver_Proteome_176	G	MicrobE_316_M_P4	MicrobE_146_D_P2	240906_Diluted_TroutGutProteome_174	F	X240816_TroutGutHistones_174	240816	F	X240816_TroutGutHistones_174.mzML	mid_gut	NC	15	day_15	K2	NC_day_15	late	NC_late
S_303	X260220_TroutLiver_Histones_126	260220_TroutLiver_Proteome_126	E	MicrobE_308_M_P4	MicrobE_14_D_P1	240906_Diluted_TroutGutProteome_144	E	X240816_TroutGutHistones_144	240816	E	X240816_TroutGutHistones_144.mzML	mid_gut	NC	15	day_15	K2	NC_day_15	late	NC_late
S_305	X260220_TroutLiver_Histones_158	260220_TroutLiver_Proteome_158	F	MicrobE_340_M_P4	MicrobE_92_D_P1	240906_Diluted_TroutGutProteome_166	F	X240816_TroutGutHistones_166	240816	F	X240816_TroutGutHistones_166.mzML	mid_gut	HC	15	day_15	K3	HC_day_15	late	HC_late
S_307	X260220_TroutLiver_Histones_050	260220_TroutLiver_Proteome_050	B	MicrobE_352_M_P4	MicrobE_80_D_P1	240906_Diluted_TroutGutProteome_065	C	X240712_TroutGutHistones_065	240712	C	X240712_TroutGutHistones_065.mzML	mid_gut	HC	15	day_15	K3	HC_day_15	late	HC_late
S_309	X260220_TroutLiver_Histones_113	260220_TroutLiver_Proteome_113	D	MicrobE_192_M_P3	MicrobE_72_D_P1	240906_Diluted_TroutGutProteome_057	B	X240816_TroutGutHistones_057	240816	B	X240816_TroutGutHistones_057.mzML	mid_gut	HC	15	day_15	K3	HC_day_15	late	HC_late
S_311	X260220_TroutLiver_Histones_042	260220_TroutLiver_Proteome_042	B	MicrobE_238_M_P3	MicrobE_120_D_P2	240906_Diluted_TroutGutProteome_169	F	X240816_TroutGutHistones_169	240816	F	X240816_TroutGutHistones_169.mzML	mid_gut	HC	15	day_15	K3	HC_day_15	late	HC_late
S_313	X260220_TroutLiver_Histones_131	260220_TroutLiver_Proteome_131	E	MicrobE_330_M_P4	MicrobE_95_D_P2	240906_Diluted_TroutGutProteome_002	A	X240816_TroutGutHistones_002	240816	A	X240816_TroutGutHistones_002.mzML	mid_gut	NC	22	day_22	J4	NC_day_22	late	NC_late
S_315	X260220_TroutLiver_Histones_041	260220_TroutLiver_Proteome_041	B	MicrobE_309_M_P4	MicrobE_100_D_P2	240906_Diluted_TroutGutProteome_163	F	X240816_TroutGutHistones_163	240816	F	X240816_TroutGutHistones_163.mzML	mid_gut	NC	22	day_22	J4	NC_day_22	late	NC_late
S_317	X260220_TroutLiver_Histones_142	260220_TroutLiver_Proteome_142	E	MicrobE_204_M_P3	MicrobE_4_D_P1	240906_Diluted_TroutGutProteome_075	C	X240816_TroutGutHistones_075	240816	C	X240816_TroutGutHistones_075.mzML	mid_gut	NC	22	day_22	J4	NC_day_22	late	NC_late
S_319	X260220_TroutLiver_Histones_175	260220_TroutLiver_Proteome_175	F	MicrobE_220_M_P3	MicrobE_90_D_P1	240906_Diluted_TroutGutProteome_007	A	X240816_TroutGutHistones_007	240816	A	X240816_TroutGutHistones_007.mzML	mid_gut	NC	22	day_22	J4	NC_day_22	late	NC_late
S_321	X260220_TroutLiver_Histones_169	260220_TroutLiver_Proteome_169	F	MicrobE_212_M_P3	MicrobE_27_D_P1	240906_Diluted_TroutGutProteome_055	B	X240816_TroutGutHistones_055	240816	B	X240816_TroutGutHistones_055.mzML	mid_gut	HC	22	day_22	J5	HC_day_22	late	HC_late
S_323	X260220_TroutLiver_Histones_117	260220_TroutLiver_Proteome_117	D	MicrobE_255_M_P3	MicrobE_170_D_P2	240906_Diluted_TroutGutProteome_107	D	X240816_TroutGutHistones_107	240816	D	X240816_TroutGutHistones_107.mzML	mid_gut	HC	22	day_22	J5	HC_day_22	late	HC_late
S_325	X260220_TroutLiver_Histones_179	260220_TroutLiver_Proteome_179	G	MicrobE_331_M_P4	MicrobE_12_D_P1	240906_Diluted_TroutGutProteome_076	C	X240816_TroutGutHistones_076	240816	C	X240816_TroutGutHistones_076.mzML	mid_gut	HC	22	day_22	J5	HC_day_22	late	HC_late
S_327	X260220_TroutLiver_Histones_044	260220_TroutLiver_Proteome_044	B	MicrobE_186_M_P3	MicrobE_140_D_P2	240906_Diluted_TroutGutProteome_171	F	X240816_TroutGutHistones_171	240816	F	X240816_TroutGutHistones_171.mzML	mid_gut	HC	22	day_22	J5	HC_day_22	late	HC_late
S_329	X260220_TroutLiver_Histones_107	260220_TroutLiver_Proteome_107	D	MicrobE_271_M_P3	MicrobE_49_D_P1	240906_Diluted_TroutGutProteome_024	A					mid_gut	NC	22	day_22	J6	NC_day_22	late	NC_late
S_331	X260220_TroutLiver_Histones_092	260220_TroutLiver_Proteome_092	D	MicrobE_191_M_P3	MicrobE_99_D_P2	240906_Diluted_TroutGutProteome_015	A	X240816_TroutGutHistones_015	240816	A	X240816_TroutGutHistones_015.mzML	mid_gut	NC	22	day_22	J6	NC_day_22	late	NC_late
S_333	X260220_TroutLiver_Histones_124	260220_TroutLiver_Proteome_124	E	MicrobE_341_M_P4	MicrobE_153_D_P2	240906_Diluted_TroutGutProteome_101	D	X240816_TroutGutHistones_101	240816	D	X240816_TroutGutHistones_101.mzML	mid_gut	NC	22	day_22	J6	NC_day_22	late	NC_late
S_335	X260220_TroutLiver_Histones_112	260220_TroutLiver_Proteome_112	D	MicrobE_215_M_P3	MicrobE_44_D_P1	240906_Diluted_TroutGutProteome_047	B	X240816_TroutGutHistones_047	240816	B	X240816_TroutGutHistones_047.mzML	mid_gut	NC	22	day_22	J6	NC_day_22	late	NC_late
S_337	X260220_TroutLiver_Histones_105	260220_TroutLiver_Proteome_105	D	MicrobE_189_M_P3	MicrobE_128_D_P2	240906_Diluted_TroutGutProteome_003	A	X240816_TroutGutHistones_003	240816	A	X240816_TroutGutHistones_003.mzML	mid_gut	HC	22	day_22	K1	HC_day_22	late	HC_late
S_339	X260220_TroutLiver_Histones_118	260220_TroutLiver_Proteome_118	E	MicrobE_197_M_P3	MicrobE_163_D_P2	240906_Diluted_TroutGutProteome_132	E	X240712_TroutGutHistones_132	240712	E	X240712_TroutGutHistones_132.mzML	mid_gut	HC	22	day_22	K1	HC_day_22	late	HC_late
S_341	X260220_TroutLiver_Histones_055	260220_TroutLiver_Proteome_055	B	MicrobE_216_M_P3	MicrobE_30_D_P1	240906_Diluted_TroutGutProteome_004	A	X240816_TroutGutHistones_004	240816	A	X240816_TroutGutHistones_004.mzML	mid_gut	HC	22	day_22	K1	HC_day_22	late	HC_late
S_343	X260220_TroutLiver_Histones_038	260220_TroutLiver_Proteome_038	B	MicrobE_294_M_P4	MicrobE_126_D_P2	240906_Diluted_TroutGutProteome_112	D	X240816_TroutGutHistones_112	240816	D	X240816_TroutGutHistones_112.mzML	mid_gut	HC	22	day_22	K1	HC_day_22	late	HC_late
S_345	X260220_TroutLiver_Histones_085	260220_TroutLiver_Proteome_085	C	MicrobE_228_M_P3	MicrobE_24_D_P1	240906_Diluted_TroutGutProteome_123	E	X240816_TroutGutHistones_123	240816	E	X240816_TroutGutHistones_123.mzML	mid_gut	NC	22	day_22	K2	NC_day_22	late	NC_late
S_347	X260220_TroutLiver_Histones_148	260220_TroutLiver_Proteome_148	F	MicrobE_196_M_P3	MicrobE_172_D_P2	240906_Diluted_TroutGutProteome_134	E	X240816_TroutGutHistones_134	240816	E	X240816_TroutGutHistones_134.mzML	mid_gut	NC	22	day_22	K2	NC_day_22	late	NC_late
S_349	X260220_TroutLiver_Histones_083	260220_TroutLiver_Proteome_083	C	MicrobE_292_M_P4		240906_Diluted_TroutGutProteome_116	D	X240712_TroutGutHistones_116	240712	D	X240712_TroutGutHistones_116.mzML	mid_gut	NC	22	day_22	K2	NC_day_22	late	NC_late
S_351	X260220_TroutLiver_Histones_140	260220_TroutLiver_Proteome_140	E	MicrobE_246_M_P3	MicrobE_19_D_P1	240906_Diluted_TroutGutProteome_102	D	X240816_TroutGutHistones_102	240816	D	X240816_TroutGutHistones_102.mzML	mid_gut	NC	22	day_22	K2	NC_day_22	late	NC_late
S_353	X260220_TroutLiver_Histones_130	260220_TroutLiver_Proteome_130	E	MicrobE_336_M_P4	MicrobE_154_D_P2	240906_Diluted_TroutGutProteome_139	E	X240712_TroutGutHistones_139	240712	E	X240712_TroutGutHistones_139.mzML	mid_gut	HC	22	day_22	K3	HC_day_22	late	HC_late
S_355	X260220_TroutLiver_Histones_099_Sample1	260220_TroutLiver_Proteome_099	D	MicrobE_301_M_P4	MicrobE_117_D_P2	240906_Diluted_TroutGutProteome_074	C	X240816_TroutGutHistones_074	240816	C	X240816_TroutGutHistones_074.mzML	mid_gut	HC	22	day_22	K3	HC_day_22	late	HC_late
S_357	X260220_TroutLiver_Histones_125	260220_TroutLiver_Proteome_125	E	MicrobE_357_M_P4	MicrobE_89_D_P1	240906_Diluted_TroutGutProteome_154	F	X240816_TroutGutHistones_154	240816	F	X240816_TroutGutHistones_154.mzML	mid_gut	HC	22	day_22	K3	HC_day_22	late	HC_late
S_359	X260220_TroutLiver_Histones_145	260220_TroutLiver_Proteome_145	E	MicrobE_353_M_P4		240906_Diluted_TroutGutProteome_140	E	X240816_TroutGutHistones_140	240816	E	X240816_TroutGutHistones_140.mzML	mid_gut	HC	22	day_22	K3	HC_day_22	late	HC_late
